sheet_name,Study_ID,DOI,F_Author,Year,Compound,Species,Route,Suject_ID,Condition,Dosing,Dose_Unit,Repeat Dose,Compartments,Time,Time_Unit,Mean,Concentration_Mean,Concentration_Error,Concentration_Unit
1,1,https://doi.org/10.1002/bmc.6059,Bestha et al.,2024,Dexamethasone,Rat,IV,1111,Healthy,2,mg/kg,Single,Plasma,0.08,h,Yes,2.754,0.0739,ug/ml
1,1,https://doi.org/10.1002/bmc.6059,Bestha et al.,2024,Dexamethasone,Rat,IV,1111,Healthy,2,mg/kg,Single,Plasma,0.25,h,Yes,2.257,0.0771,ug/ml
1,1,https://doi.org/10.1002/bmc.6059,Bestha et al.,2024,Dexamethasone,Rat,IV,1111,Healthy,2,mg/kg,Single,Plasma,0.5,h,Yes,1.794,0.093,ug/ml
1,1,https://doi.org/10.1002/bmc.6059,Bestha et al.,2024,Dexamethasone,Rat,IV,1111,Healthy,2,mg/kg,Single,Plasma,2,h,Yes,0.809,0.0182,ug/ml
1,1,https://doi.org/10.1002/bmc.6059,Bestha et al.,2024,Dexamethasone,Rat,IV,1111,Healthy,2,mg/kg,Single,Plasma,4,h,Yes,0.351,0.0165,ug/ml
1,1,https://doi.org/10.1002/bmc.6059,Bestha et al.,2024,Dexamethasone,Rat,IV,1111,Healthy,2,mg/kg,Single,Plasma,8,h,Yes,0.119,0.0102,ug/ml
1,1,https://doi.org/10.1002/bmc.6059,Bestha et al.,2024,Dexamethasone,Rat,IV,1111,Healthy,2,mg/kg,Single,Plasma,10,h,Yes,0.0632,0.0041,ug/ml
1,1,https://doi.org/10.1002/bmc.6059,Bestha et al.,2024,Dexamethasone,Rat,IV,1111,Healthy,2,mg/kg,Single,Plasma,24,h,Yes,0.001,1e-04,ug/ml
1,1,https://doi.org/10.1002/bmc.6059,Bestha et al.,2024,Dexamethasone,Rat,IV,1111,Healthy,2,mg/kg,Single,Brain,0.08,h,Yes,0.11,0.015,ug/ml
1,1,https://doi.org/10.1002/bmc.6059,Bestha et al.,2024,Dexamethasone,Rat,IV,1111,Healthy,2,mg/kg,Single,Brain,0.25,h,Yes,0.0998,0.0057,ug/ml
1,1,https://doi.org/10.1002/bmc.6059,Bestha et al.,2024,Dexamethasone,Rat,IV,1111,Healthy,2,mg/kg,Single,Brain,0.5,h,Yes,0.084,0.0082,ug/ml
1,1,https://doi.org/10.1002/bmc.6059,Bestha et al.,2024,Dexamethasone,Rat,IV,1111,Healthy,2,mg/kg,Single,Brain,2,h,Yes,0.0676,0.0044,ug/ml
1,1,https://doi.org/10.1002/bmc.6059,Bestha et al.,2024,Dexamethasone,Rat,IV,1111,Healthy,2,mg/kg,Single,Brain,4,h,Yes,0.0376,0.0023,ug/ml
1,1,https://doi.org/10.1002/bmc.6059,Bestha et al.,2024,Dexamethasone,Rat,IV,1111,Healthy,2,mg/kg,Single,Brain,8,h,Yes,0.0115,0.0018,ug/ml
1,1,https://doi.org/10.1002/bmc.6059,Bestha et al.,2024,Dexamethasone,Rat,IV,1111,Healthy,2,mg/kg,Single,Brain,10,h,Yes,0.0059,6e-04,ug/ml
2,3,https://doi.org/10.1016/j.xphs.2020.10.023,Jadhav et al.,2021,Dexamethasone sodium phosphate,Rat,IV,1112,Adjuvant-induced Arthritis,3.0388,mg/kg,Single,Plasma,0.08,h,Yes,0.6115,NA,ug/ml
2,3,https://doi.org/10.1016/j.xphs.2020.10.023,Jadhav et al.,2021,Dexamethasone sodium phosphate,Rat,IV,1112,Adjuvant-induced Arthritis,3.0388,mg/kg,Single,Plasma,0.5,h,Yes,0.4581,NA,ug/ml
2,3,https://doi.org/10.1016/j.xphs.2020.10.023,Jadhav et al.,2021,Dexamethasone sodium phosphate,Rat,IV,1112,Adjuvant-induced Arthritis,3.0388,mg/kg,Single,Plasma,0.75,h,Yes,0.3842,NA,ug/ml
2,3,https://doi.org/10.1016/j.xphs.2020.10.023,Jadhav et al.,2021,Dexamethasone sodium phosphate,Rat,IV,1112,Adjuvant-induced Arthritis,3.0388,mg/kg,Single,Plasma,1,h,Yes,0.3203,NA,ug/ml
2,3,https://doi.org/10.1016/j.xphs.2020.10.023,Jadhav et al.,2021,Dexamethasone sodium phosphate,Rat,IV,1112,Adjuvant-induced Arthritis,3.0388,mg/kg,Single,Plasma,2,h,Yes,0.2419,NA,ug/ml
2,3,https://doi.org/10.1016/j.xphs.2020.10.023,Jadhav et al.,2021,Dexamethasone sodium phosphate,Rat,IV,1112,Adjuvant-induced Arthritis,3.0388,mg/kg,Single,Plasma,3,h,Yes,0.1613,NA,ug/ml
2,3,https://doi.org/10.1016/j.xphs.2020.10.023,Jadhav et al.,2021,Dexamethasone sodium phosphate,Rat,IV,1112,Adjuvant-induced Arthritis,3.0388,mg/kg,Single,Plasma,8,h,Yes,0.121,NA,ug/ml
2,3,https://doi.org/10.1016/j.xphs.2020.10.023,Jadhav et al.,2021,Dexamethasone sodium phosphate,Rat,IV,1112,Adjuvant-induced Arthritis,3.0388,mg/kg,Single,Plasma,12,h,Yes,0.0918,NA,ug/ml
3,5,https://doi.org/10.1080/10717544.2018.1472677,Zhang et al.,2018,Dexamethasone,Rat,IV,1113,Inflamed paw,4,mg/kg,Single,Plasma,0.25,h,Yes,0.2834,NA,ug/ml
3,5,https://doi.org/10.1080/10717544.2018.1472677,Zhang et al.,2018,Dexamethasone,Rat,IV,1113,Inflamed paw,4,mg/kg,Single,Plasma,0.5,h,Yes,0.2593,NA,ug/ml
3,5,https://doi.org/10.1080/10717544.2018.1472677,Zhang et al.,2018,Dexamethasone,Rat,IV,1113,Inflamed paw,4,mg/kg,Single,Plasma,0.75,h,Yes,0.2319,NA,ug/ml
3,5,https://doi.org/10.1080/10717544.2018.1472677,Zhang et al.,2018,Dexamethasone,Rat,IV,1113,Inflamed paw,4,mg/kg,Single,Plasma,1,h,Yes,0.201,NA,ug/ml
3,5,https://doi.org/10.1080/10717544.2018.1472677,Zhang et al.,2018,Dexamethasone,Rat,IV,1113,Inflamed paw,4,mg/kg,Single,Plasma,2,h,Yes,0.1314,NA,ug/ml
3,5,https://doi.org/10.1080/10717544.2018.1472677,Zhang et al.,2018,Dexamethasone,Rat,IV,1113,Inflamed paw,4,mg/kg,Single,Plasma,4,h,Yes,0.0979,NA,ug/ml
3,5,https://doi.org/10.1080/10717544.2018.1472677,Zhang et al.,2018,Dexamethasone,Rat,IV,1113,Inflamed paw,4,mg/kg,Single,Plasma,6,h,Yes,0.0745,NA,ug/ml
3,5,https://doi.org/10.1080/10717544.2018.1472677,Zhang et al.,2018,Dexamethasone,Rat,IV,1113,Inflamed paw,4,mg/kg,Single,Plasma,8,h,Yes,0.037,NA,ug/ml
3,5,https://doi.org/10.1080/10717544.2018.1472677,Zhang et al.,2018,Dexamethasone,Rat,IV,1113,Inflamed paw,4,mg/kg,Single,Plasma,12,h,Yes,9e-04,NA,ug/ml
4,8,https://doi.org/10.1248/bpb.b15-01034,Murata et al.,2016,Dexamethasone,Rat,IV,1114,Sham,5,mg/kg,Single,Plasma,0.08,h,Yes,5.7971,NA,ug/ml
4,8,https://doi.org/10.1248/bpb.b15-01034,Murata et al.,2016,Dexamethasone,Rat,IV,1114,Sham,5,mg/kg,Single,Plasma,0.5,h,Yes,4.9259,NA,ug/ml
4,8,https://doi.org/10.1248/bpb.b15-01034,Murata et al.,2016,Dexamethasone,Rat,IV,1114,Sham,5,mg/kg,Single,Plasma,1,h,Yes,3.8916,NA,ug/ml
4,8,https://doi.org/10.1248/bpb.b15-01034,Murata et al.,2016,Dexamethasone,Rat,IV,1114,Sham,5,mg/kg,Single,Plasma,3,h,Yes,1.9563,NA,ug/ml
4,8,https://doi.org/10.1248/bpb.b15-01034,Murata et al.,2016,Dexamethasone,Rat,IV,1114,Sham,5,mg/kg,Single,Plasma,6,h,Yes,1.0984,NA,ug/ml
4,8,https://doi.org/10.1248/bpb.b15-01034,Murata et al.,2016,Dexamethasone,Rat,IV,1114,Sham,5,mg/kg,Single,Plasma,9,h,Yes,0.6281,NA,ug/ml
4,8,https://doi.org/10.1248/bpb.b15-01034,Murata et al.,2016,Dexamethasone,Rat,IV,1114,Sham,5,mg/kg,Single,Plasma,12,h,Yes,0.4386,NA,ug/ml
4,8,https://doi.org/10.1248/bpb.b15-01034,Murata et al.,2016,Dexamethasone,Rat,IV,1114,Sham,5,mg/kg,Single,Plasma,15,h,Yes,0.3608,NA,ug/ml
4,8,https://doi.org/10.1248/bpb.b15-01034,Murata et al.,2016,Dexamethasone,Rat,IV,1114,Sham,5,mg/kg,Single,Plasma,18,h,Yes,0.337,NA,ug/ml
4,8,https://doi.org/10.1248/bpb.b15-01034,Murata et al.,2016,Dexamethasone,Rat,IV,1114,Sham,5,mg/kg,Single,Plasma,21,h,Yes,0.3385,NA,ug/ml
4,8,https://doi.org/10.1248/bpb.b15-01034,Murata et al.,2016,Dexamethasone,Rat,IV,1114,Sham,5,mg/kg,Single,Plasma,24,h,Yes,0.3279,NA,ug/ml
4,8,https://doi.org/10.1248/bpb.b15-01034,Murata et al.,2016,Dexamethasone,Rat,IV,1115,Crush syndrome (CS),5,mg/kg,Single,Plasma,0.17,h,Yes,4.6134,NA,ug/ml
4,8,https://doi.org/10.1248/bpb.b15-01034,Murata et al.,2016,Dexamethasone,Rat,IV,1115,Crush syndrome (CS),5,mg/kg,Single,Plasma,0.5,h,Yes,3.171,NA,ug/ml
4,8,https://doi.org/10.1248/bpb.b15-01034,Murata et al.,2016,Dexamethasone,Rat,IV,1115,Crush syndrome (CS),5,mg/kg,Single,Plasma,1,h,Yes,2.7756,NA,ug/ml
4,8,https://doi.org/10.1248/bpb.b15-01034,Murata et al.,2016,Dexamethasone,Rat,IV,1115,Crush syndrome (CS),5,mg/kg,Single,Plasma,3,h,Yes,1.9295,NA,ug/ml
4,8,https://doi.org/10.1248/bpb.b15-01034,Murata et al.,2016,Dexamethasone,Rat,IV,1115,Crush syndrome (CS),5,mg/kg,Single,Plasma,6,h,Yes,1.3086,NA,ug/ml
4,8,https://doi.org/10.1248/bpb.b15-01034,Murata et al.,2016,Dexamethasone,Rat,IV,1115,Crush syndrome (CS),5,mg/kg,Single,Plasma,9,h,Yes,1.0015,NA,ug/ml
4,8,https://doi.org/10.1248/bpb.b15-01034,Murata et al.,2016,Dexamethasone,Rat,IV,1115,Crush syndrome (CS),5,mg/kg,Single,Plasma,12,h,Yes,0.7573,NA,ug/ml
4,8,https://doi.org/10.1248/bpb.b15-01034,Murata et al.,2016,Dexamethasone,Rat,IV,1115,Crush syndrome (CS),5,mg/kg,Single,Plasma,15,h,Yes,0.6308,NA,ug/ml
4,8,https://doi.org/10.1248/bpb.b15-01034,Murata et al.,2016,Dexamethasone,Rat,IV,1115,Crush syndrome (CS),5,mg/kg,Single,Plasma,18,h,Yes,0.5581,NA,ug/ml
4,8,https://doi.org/10.1248/bpb.b15-01034,Murata et al.,2016,Dexamethasone,Rat,IV,1115,Crush syndrome (CS),5,mg/kg,Single,Plasma,21,h,Yes,0.5506,NA,ug/ml
4,8,https://doi.org/10.1248/bpb.b15-01034,Murata et al.,2016,Dexamethasone,Rat,IV,1115,Crush syndrome (CS),5,mg/kg,Single,Plasma,24,h,Yes,0.4531,NA,ug/ml
5,14,https://doi.org/10.1248/bpb.b15-01034,Kohno et al.,2010,Dexamethasone,Rat,IV,1116,Bleomycin-induced lung injury / early pulmonary fibrosis,1,mg/kg,Single,Plasma,0,h,Yes,0,NA,ug/ml
5,14,https://doi.org/10.1248/bpb.b15-01034,Kohno et al.,2010,Dexamethasone,Rat,IV,1116,Bleomycin-induced lung injury / early pulmonary fibrosis,1,mg/kg,Single,Plasma,0.5,h,Yes,1.0311,NA,ug/ml
5,14,https://doi.org/10.1248/bpb.b15-01034,Kohno et al.,2010,Dexamethasone,Rat,IV,1116,Bleomycin-induced lung injury / early pulmonary fibrosis,1,mg/kg,Single,Plasma,1,h,Yes,0.9926,NA,ug/ml
5,14,https://doi.org/10.1248/bpb.b15-01034,Kohno et al.,2010,Dexamethasone,Rat,IV,1116,Bleomycin-induced lung injury / early pulmonary fibrosis,1,mg/kg,Single,Plasma,3,h,Yes,0.7993,NA,ug/ml
5,14,https://doi.org/10.1248/bpb.b15-01034,Kohno et al.,2010,Dexamethasone,Rat,IV,1116,Bleomycin-induced lung injury / early pulmonary fibrosis,1,mg/kg,Single,Plasma,6,h,Yes,0.2155,NA,ug/ml
7,17,https://doi.org/10.1002/jps.10343,Mager et al.,2003,Dexamethasone phosphate,Rat,IV,1120,Male adrenalectomized (ADX) Wistar,0.0831,mg/kg,Single,Plasma,0,h,Yes,0.0956,NA,ug/ml
7,17,https://doi.org/10.1002/jps.10343,Mager et al.,2003,Dexamethasone phosphate,Rat,IV,1120,Male adrenalectomized (ADX) Wistar,0.0831,mg/kg,Single,Plasma,1,h,Yes,0.0773,0.0082,ug/ml
7,17,https://doi.org/10.1002/jps.10343,Mager et al.,2003,Dexamethasone phosphate,Rat,IV,1120,Male adrenalectomized (ADX) Wistar,0.0831,mg/kg,Single,Plasma,2,h,Yes,0.0599,0.005,ug/ml
7,17,https://doi.org/10.1002/jps.10343,Mager et al.,2003,Dexamethasone phosphate,Rat,IV,1120,Male adrenalectomized (ADX) Wistar,0.0831,mg/kg,Single,Plasma,4,h,Yes,0.0456,0.0204,ug/ml
7,17,https://doi.org/10.1002/jps.10343,Mager et al.,2003,Dexamethasone phosphate,Rat,IV,1120,Male adrenalectomized (ADX) Wistar,0.0831,mg/kg,Single,Plasma,6,h,Yes,0.0353,0.0111,ug/ml
7,17,https://doi.org/10.1002/jps.10343,Mager et al.,2003,Dexamethasone phosphate,Rat,IV,1120,Male adrenalectomized (ADX) Wistar,0.0831,mg/kg,Single,Plasma,12,h,Yes,0.0166,0.0037,ug/ml
6,16,https://doi.org/10.1002/bdd.435,Samtani et al.,2005,Dexamethasone phosphate,Rat,IV,1117,Healthy,0.8305,mg/kg,Single,Plasma,0.166666667,h,No,1.0379,0.1591,ug/ml
6,16,https://doi.org/10.1002/bdd.435,Samtani et al.,2005,Dexamethasone phosphate,Rat,IV,1117,Healthy,0.8305,mg/kg,Single,Plasma,0.333333333,h,No,1.058,0.1122,ug/ml
6,16,https://doi.org/10.1002/bdd.435,Samtani et al.,2005,Dexamethasone phosphate,Rat,IV,1117,Healthy,0.8305,mg/kg,Single,Plasma,0.5,h,No,0.9605,0.0176,ug/ml
6,16,https://doi.org/10.1002/bdd.435,Samtani et al.,2005,Dexamethasone phosphate,Rat,IV,1117,Healthy,0.8305,mg/kg,Single,Plasma,0.75,h,No,0.7193,0.1192,ug/ml
6,16,https://doi.org/10.1002/bdd.435,Samtani et al.,2005,Dexamethasone phosphate,Rat,IV,1117,Healthy,0.8305,mg/kg,Single,Plasma,1,h,No,0.7677,0.1151,ug/ml
6,16,https://doi.org/10.1002/bdd.435,Samtani et al.,2005,Dexamethasone phosphate,Rat,IV,1117,Healthy,0.8305,mg/kg,Single,Plasma,1.5,h,No,0.6289,0.0055,ug/ml
6,16,https://doi.org/10.1002/bdd.435,Samtani et al.,2005,Dexamethasone phosphate,Rat,IV,1117,Healthy,0.8305,mg/kg,Single,Plasma,2,h,No,0.5439,0.0561,ug/ml
6,16,https://doi.org/10.1002/bdd.435,Samtani et al.,2005,Dexamethasone phosphate,Rat,IV,1117,Healthy,0.8305,mg/kg,Single,Plasma,4,h,No,0.3355,0.0276,ug/ml
6,16,https://doi.org/10.1002/bdd.435,Samtani et al.,2005,Dexamethasone phosphate,Rat,IV,1117,Healthy,0.8305,mg/kg,Single,Plasma,8,h,No,0.1053,0.0145,ug/ml
6,16,https://doi.org/10.1002/bdd.435,Samtani et al.,2005,Dexamethasone phosphate,Rat,IV,1117,Healthy,0.8305,mg/kg,Single,Plasma,12,h,No,0.0348,0.0032,ug/ml
6,16,https://doi.org/10.1002/bdd.435,Samtani et al.,2005,Dexamethasone phosphate,Rat,IV,1117,Healthy,0.8305,mg/kg,single,Plasma,0.5,h,No,0.9191,NA,ug/ml
