"sheet_name","Study_ID","DOI","F_Author","Year","Compound","Species","Route","Suject_ID","Condition","Dosing","Dose_Unit","Repeat Dose","Compartments","Time","Time_Unit","Mean","Concentration_Mean","Concentration_Error","Concentration_Unit"
3,3,"https://doi.org/10.3109/10717544.2011.589087","Xu et al",2011,"Dexamethasone_acetate_DA","Mouse","IV",1006,"Healthy",6.3226,"mg/kg","Single","Plasma",0.08,"h","Yes",11.0628,NA,"ug/ml"
3,3,"https://doi.org/10.3109/10717544.2011.589087","Xu et al",2011,"Dexamethasone_acetate_DA","Mouse","IV",1006,"Healthy",6.3226,"mg/kg","Single","Plasma",0.25,"h","Yes",8.0551,NA,"ug/ml"
3,3,"https://doi.org/10.3109/10717544.2011.589087","Xu et al",2011,"Dexamethasone_acetate_DA","Mouse","IV",1006,"Healthy",6.3226,"mg/kg","Single","Plasma",0.5,"h","Yes",7.452,NA,"ug/ml"
3,3,"https://doi.org/10.3109/10717544.2011.589087","Xu et al",2011,"Dexamethasone_acetate_DA","Mouse","IV",1006,"Healthy",6.3226,"mg/kg","Single","Plasma",1,"h","Yes",6.0052,NA,"ug/ml"
3,3,"https://doi.org/10.3109/10717544.2011.589087","Xu et al",2011,"Dexamethasone_acetate_DA","Mouse","IV",1006,"Healthy",6.3226,"mg/kg","Single","Plasma",2,"h","Yes",5.0357,NA,"ug/ml"
3,3,"https://doi.org/10.3109/10717544.2011.589087","Xu et al",2011,"Dexamethasone_acetate_DA","Mouse","IV",1006,"Healthy",6.3226,"mg/kg","Single","Plasma",4,"h","Yes",3.9383,NA,"ug/ml"
3,3,"https://doi.org/10.3109/10717544.2011.589087","Xu et al",2011,"Dexamethasone_acetate_DA","Mouse","IV",1006,"Healthy",6.3226,"mg/kg","Single","Plasma",6,"h","Yes",2.841,NA,"ug/ml"
3,3,"https://doi.org/10.3109/10717544.2011.589087","Xu et al",2011,"Dexamethasone_acetate_DA","Mouse","IV",1006,"Healthy",6.3226,"mg/kg","Single","Plasma",8,"h","Yes",1.8639,NA,"ug/ml"
3,3,"https://doi.org/10.3109/10717544.2011.589087","Xu et al",2011,"Dexamethasone_acetate_DA","Mouse","IV",1006,"Healthy",6.3226,"mg/kg","Single","Plasma",10,"h","Yes",0.1653,NA,"ug/ml"
3,3,"https://doi.org/10.3109/10717544.2011.589087","Xu et al",2011,"Dexamethasone_acetate_DA","Mouse","IV",1006,"Healthy",6.3226,"mg/kg","Single","Lung",0.25,"h","Yes",4.3285,NA,"ug/ml"
3,3,"https://doi.org/10.3109/10717544.2011.589087","Xu et al",2011,"Dexamethasone_acetate_DA","Mouse","IV",1006,"Healthy",6.3226,"mg/kg","Single","Lung",0.5,"h","Yes",19.7177,NA,"ug/ml"
3,3,"https://doi.org/10.3109/10717544.2011.589087","Xu et al",2011,"Dexamethasone_acetate_DA","Mouse","IV",1006,"Healthy",6.3226,"mg/kg","Single","Lung",1,"h","Yes",9.9736,NA,"ug/ml"
3,3,"https://doi.org/10.3109/10717544.2011.589087","Xu et al",2011,"Dexamethasone_acetate_DA","Mouse","IV",1006,"Healthy",6.3226,"mg/kg","Single","Lung",2,"h","Yes",8.4027,NA,"ug/ml"
3,3,"https://doi.org/10.3109/10717544.2011.589087","Xu et al",2011,"Dexamethasone_acetate_DA","Mouse","IV",1006,"Healthy",6.3226,"mg/kg","Single","Lung",4,"h","Yes",4.2993,NA,"ug/ml"
3,3,"https://doi.org/10.3109/10717544.2011.589087","Xu et al",2011,"Dexamethasone_acetate_DA","Mouse","IV",1006,"Healthy",6.3226,"mg/kg","Single","Lung",6,"h","Yes",2.7207,NA,"ug/ml"
3,3,"https://doi.org/10.3109/10717544.2011.589087","Xu et al",2011,"Dexamethasone_acetate_DA","Mouse","IV",1006,"Healthy",6.3226,"mg/kg","Single","Liver",0.08,"h","Yes",14.1892,NA,"ug/ml"
3,3,"https://doi.org/10.3109/10717544.2011.589087","Xu et al",2011,"Dexamethasone_acetate_DA","Mouse","IV",1006,"Healthy",6.3226,"mg/kg","Single","Liver",0.25,"h","Yes",14.7894,NA,"ug/ml"
3,3,"https://doi.org/10.3109/10717544.2011.589087","Xu et al",2011,"Dexamethasone_acetate_DA","Mouse","IV",1006,"Healthy",6.3226,"mg/kg","Single","Liver",0.5,"h","Yes",13.8252,NA,"ug/ml"
3,3,"https://doi.org/10.3109/10717544.2011.589087","Xu et al",2011,"Dexamethasone_acetate_DA","Mouse","IV",1006,"Healthy",6.3226,"mg/kg","Single","Liver",1,"h","Yes",12.0175,NA,"ug/ml"
3,3,"https://doi.org/10.3109/10717544.2011.589087","Xu et al",2011,"Dexamethasone_acetate_DA","Mouse","IV",1006,"Healthy",6.3226,"mg/kg","Single","Liver",2,"h","Yes",11.7698,NA,"ug/ml"
3,3,"https://doi.org/10.3109/10717544.2011.589087","Xu et al",2011,"Dexamethasone_acetate_DA","Mouse","IV",1006,"Healthy",6.3226,"mg/kg","Single","Liver",6,"h","Yes",5.126,NA,"ug/ml"
3,3,"https://doi.org/10.3109/10717544.2011.589087","Xu et al",2011,"Dexamethasone_acetate_DA","Mouse","IV",1006,"Healthy",6.3226,"mg/kg","Single","Brain",0.08,"h","Yes",1.3583,NA,"ug/ml"
3,3,"https://doi.org/10.3109/10717544.2011.589087","Xu et al",2011,"Dexamethasone_acetate_DA","Mouse","IV",1006,"Healthy",6.3226,"mg/kg","Single","Brain",0.25,"h","Yes",1.1535,NA,"ug/ml"
3,3,"https://doi.org/10.3109/10717544.2011.589087","Xu et al",2011,"Dexamethasone_acetate_DA","Mouse","IV",1006,"Healthy",6.3226,"mg/kg","Single","Brain",0.5,"h","Yes",0.8463,NA,"ug/ml"
3,3,"https://doi.org/10.3109/10717544.2011.589087","Xu et al",2011,"Dexamethasone_acetate_DA","Mouse","IV",1006,"Healthy",6.3226,"mg/kg","Single","Brain",1,"h","Yes",0.5825,NA,"ug/ml"
3,3,"https://doi.org/10.3109/10717544.2011.589087","Xu et al",2011,"Dexamethasone_acetate_DA","Mouse","IV",1006,"Healthy",6.3226,"mg/kg","Single","Brain",2,"h","Yes",0.8144,NA,"ug/ml"
3,3,"https://doi.org/10.3109/10717544.2011.589087","Xu et al",2011,"Dexamethasone_acetate_DA","Mouse","IV",1006,"Healthy",6.3226,"mg/kg","Single","Kidney",0.08,"h","Yes",3.3011,NA,"ug/ml"
3,3,"https://doi.org/10.3109/10717544.2011.589087","Xu et al",2011,"Dexamethasone_acetate_DA","Mouse","IV",1006,"Healthy",6.3226,"mg/kg","Single","Kidney",0.25,"h","Yes",2.6143,NA,"ug/ml"
3,3,"https://doi.org/10.3109/10717544.2011.589087","Xu et al",2011,"Dexamethasone_acetate_DA","Mouse","IV",1006,"Healthy",6.3226,"mg/kg","Single","Kidney",0.5,"h","Yes",3.0667,NA,"ug/ml"
3,3,"https://doi.org/10.3109/10717544.2011.589087","Xu et al",2011,"Dexamethasone_acetate_DA","Mouse","IV",1006,"Healthy",6.3226,"mg/kg","Single","Kidney",1,"h","Yes",2.3792,NA,"ug/ml"
3,3,"https://doi.org/10.3109/10717544.2011.589087","Xu et al",2011,"Dexamethasone_acetate_DA","Mouse","IV",1006,"Healthy",6.3226,"mg/kg","Single","Kidney",2,"h","Yes",2.9032,NA,"ug/ml"
3,3,"https://doi.org/10.3109/10717544.2011.589087","Xu et al",2011,"Dexamethasone_acetate_DA","Mouse","IV",1006,"Healthy",6.3226,"mg/kg","Single","Kidney",4,"h","Yes",3.9075,NA,"ug/ml"
3,3,"https://doi.org/10.3109/10717544.2011.589087","Xu et al",2011,"Dexamethasone_acetate_DA","Mouse","IV",1006,"Healthy",6.3226,"mg/kg","Single","Kidney",6,"h","Yes",1.6397,NA,"ug/ml"
3,3,"https://doi.org/10.3109/10717544.2011.589087","Xu et al",2011,"Dexamethasone_acetate_DA","Mouse","IV",1006,"Healthy",6.3226,"mg/kg","Single","Spleen",0.08,"h","Yes",4.1046,NA,"ug/ml"
3,3,"https://doi.org/10.3109/10717544.2011.589087","Xu et al",2011,"Dexamethasone_acetate_DA","Mouse","IV",1006,"Healthy",6.3226,"mg/kg","Single","Spleen",0.25,"h","Yes",4.8784,NA,"ug/ml"
3,3,"https://doi.org/10.3109/10717544.2011.589087","Xu et al",2011,"Dexamethasone_acetate_DA","Mouse","IV",1006,"Healthy",6.3226,"mg/kg","Single","Spleen",0.5,"h","Yes",3.1105,NA,"ug/ml"
3,3,"https://doi.org/10.3109/10717544.2011.589087","Xu et al",2011,"Dexamethasone_acetate_DA","Mouse","IV",1006,"Healthy",6.3226,"mg/kg","Single","Spleen",4,"h","Yes",3.5423,NA,"ug/ml"
3,3,"https://doi.org/10.3109/10717544.2011.589087","Xu et al",2011,"Dexamethasone_acetate_DA","Mouse","IV",1006,"Healthy",6.3226,"mg/kg","Single","Spleen",6,"h","Yes",1.9172,NA,"ug/ml"
3,3,"https://doi.org/10.3109/10717544.2011.589087","Xu et al",2011,"Dexamethasone_acetate_DA","Mouse","IV",1006,"Healthy",6.3226,"mg/kg","Single","Heart",0.08,"h","Yes",5.0541,NA,"ug/ml"
3,3,"https://doi.org/10.3109/10717544.2011.589087","Xu et al",2011,"Dexamethasone_acetate_DA","Mouse","IV",1006,"Healthy",6.3226,"mg/kg","Single","Heart",0.25,"h","Yes",4.1773,NA,"ug/ml"
3,3,"https://doi.org/10.3109/10717544.2011.589087","Xu et al",2011,"Dexamethasone_acetate_DA","Mouse","IV",1006,"Healthy",6.3226,"mg/kg","Single","Heart",0.5,"h","Yes",3.7532,NA,"ug/ml"
3,3,"https://doi.org/10.3109/10717544.2011.589087","Xu et al",2011,"Dexamethasone_acetate_DA","Mouse","IV",1006,"Healthy",6.3226,"mg/kg","Single","Heart",1,"h","Yes",3.1826,NA,"ug/ml"
3,3,"https://doi.org/10.3109/10717544.2011.589087","Xu et al",2011,"Dexamethasone_acetate_DA","Mouse","IV",1006,"Healthy",6.3226,"mg/kg","Single","Heart",2,"h","Yes",2.3481,NA,"ug/ml"
3,3,"https://doi.org/10.3109/10717544.2011.589087","Xu et al",2011,"Dexamethasone_acetate_DA","Mouse","IV",1006,"Healthy",6.3226,"mg/kg","Single","Heart",4,"h","Yes",2.6512,NA,"ug/ml"
3,3,"https://doi.org/10.3109/10717544.2011.589087","Xu et al",2011,"Dexamethasone_acetate_DA","Mouse","IV",1006,"Healthy",6.3226,"mg/kg","Single","Heart",6,"h","Yes",1.143,NA,"ug/ml"
3,3,"https://doi.org/10.3109/10717544.2011.589087","Xu et al",2011,"Dexamethasone_acetate_DA","Mouse","IV",1006,"Healthy",6.3226,"mg/kg","Single","Heart",8,"h","Yes",0.1023,NA,"ug/ml"
4,4,"https://doi.org/10.1016/j.colsurfb.2014.10.049","Dong et al",2014,"DEX","Mouse","Oral",1008,"Healthy",1.96,"mg/kg","Single","Colon",1,"h","Yes",NA,NA,"ug/ml"
4,4,"https://doi.org/10.1016/j.colsurfb.2014.10.049","Dong et al",2014,"DEX","Mouse","Oral",1008,"Healthy",1.96,"mg/kg","Single","Colon",2.5,"h","Yes",0.3514,0.0839,"ug/ml"
4,4,"https://doi.org/10.1016/j.colsurfb.2014.10.049","Dong et al",2014,"DEX","Mouse","Oral",1008,"Healthy",1.96,"mg/kg","Single","Colon",3.5,"h","Yes",0.9465,0.1078,"ug/ml"
4,4,"https://doi.org/10.1016/j.colsurfb.2014.10.049","Dong et al",2014,"DEX","Mouse","Oral",1008,"Healthy",1.96,"mg/kg","Single","Colon",4.5,"h","Yes",0.7947,0.2037,"ug/ml"
4,4,"https://doi.org/10.1016/j.colsurfb.2014.10.049","Dong et al",2014,"DEX","Mouse","Oral",1008,"Healthy",1.96,"mg/kg","Single","Colon",6,"h","Yes",0.4912,0.0759,"ug/ml"
4,4,"https://doi.org/10.1016/j.colsurfb.2014.10.049","Dong et al",2014,"DEX","Mouse","Oral",1008,"Healthy",1.96,"mg/kg","Single","Colon",9,"h","Yes",0.4233,0.0399,"ug/ml"
4,4,"https://doi.org/10.1016/j.colsurfb.2014.10.049","Dong et al",2014,"DEX","Mouse","Oral",1008,"Healthy",1.96,"mg/kg","Single","Colon",12,"h","Yes",0.2396,NA,"ug/ml"
5,5,"https://doi.org/10.1016/j.ijpharm.2017.02.064","Hashimoto et al",2017,"DEX","Mouse","Dermal",1009,"Healthy",75,"mg/kg","Single","Plasma",0.25,"h","Yes",0.5911,0.0613,"ug/ml"
5,5,"https://doi.org/10.1016/j.ijpharm.2017.02.064","Hashimoto et al",2017,"DEX","Mouse","Dermal",1009,"Healthy",75,"mg/kg","Single","Plasma",0.5,"h","Yes",1.1426,0.1045,"ug/ml"
5,5,"https://doi.org/10.1016/j.ijpharm.2017.02.064","Hashimoto et al",2017,"DEX","Mouse","Dermal",1009,"Healthy",75,"mg/kg","Single","Plasma",1,"h","Yes",1.3844,0.1009,"ug/ml"
5,5,"https://doi.org/10.1016/j.ijpharm.2017.02.064","Hashimoto et al",2017,"DEX","Mouse","Dermal",1009,"Healthy",75,"mg/kg","Single","Plasma",2,"h","Yes",1.3417,0.1297,"ug/ml"
5,5,"https://doi.org/10.1016/j.ijpharm.2017.02.064","Hashimoto et al",2017,"DEX","Mouse","Dermal",1009,"Healthy",75,"mg/kg","Single","Plasma",4,"h","Yes",1.2745,0.1081,"ug/ml"
5,5,"https://doi.org/10.1016/j.ijpharm.2017.02.064","Hashimoto et al",2017,"DEX","Mouse","Dermal",1009,"Healthy",75,"mg/kg","Single","Plasma",6,"h","Yes",1.373,0.0865,"ug/ml"
5,5,"https://doi.org/10.1016/j.ijpharm.2017.02.064","Hashimoto et al",2017,"DEX","Mouse","Dermal",1009,"Healthy",75,"mg/kg","Single","Skin",6,"h","Yes",0.1063,0.0066,"ug/ml"
5,5,"https://doi.org/10.1016/j.ijpharm.2017.02.064","Hashimoto et al",2017,"DEX","Mouse","Dermal",1009,"Healthy",75,"mg/kg","Single","Epidermis",6,"h","Yes",0.0626,0.0025,"ug/ml"
5,5,"https://doi.org/10.1016/j.ijpharm.2017.02.064","Hashimoto et al",2017,"DEX","Mouse","Dermal",1009,"Healthy",75,"mg/kg","Single","Dermis",6,"h","Yes",0.0688,0.0022,"ug/ml"
5,5,"https://doi.org/10.1016/j.ijpharm.2017.02.064","Hashimoto et al",2017,"DEX","Mouse","Dermal",1009,"Healthy",75,"mg/kg","Single","Brain",6,"h","Yes",2e-04,NA,"ug/ml"
5,5,"https://doi.org/10.1016/j.ijpharm.2017.02.064","Hashimoto et al",2017,"DEX","Mouse","IV",1010,"Healthy",1.8,"mg/kg","Single","Plasma",1,"h","Yes",0.0971,0.0153,"ug/ml"
5,5,"https://doi.org/10.1016/j.ijpharm.2017.02.064","Hashimoto et al",2017,"DEX","Mouse","IV",1010,"Healthy",1.8,"mg/kg","Single","Plasma",2,"h","Yes",0.166,0.0169,"ug/ml"
5,5,"https://doi.org/10.1016/j.ijpharm.2017.02.064","Hashimoto et al",2017,"DEX","Mouse","IV",1010,"Healthy",1.8,"mg/kg","Single","Plasma",4,"h","Yes",0.2382,0.022,"ug/ml"
5,5,"https://doi.org/10.1016/j.ijpharm.2017.02.064","Hashimoto et al",2017,"DEX","Mouse","IV",1010,"Healthy",1.8,"mg/kg","Single","Plasma",5,"h","Yes",0.2396,0.0203,"ug/ml"
5,5,"https://doi.org/10.1016/j.ijpharm.2017.02.064","Hashimoto et al",2017,"DEX","Mouse","IV",1010,"Healthy",1.8,"mg/kg","Single","Plasma",6,"h","Yes",0.25,0.0203,"ug/ml"
5,5,"https://doi.org/10.1016/j.ijpharm.2017.02.064","Hashimoto et al",2017,"DEX","Mouse","IV",1010,"Healthy",1.8,"mg/kg","Single","Epidermis",6,"h","Yes",1e-04,0,"ug/ml"
5,5,"https://doi.org/10.1016/j.ijpharm.2017.02.064","Hashimoto et al",2017,"DEX","Mouse","IV",1010,"Healthy",1.8,"mg/kg","Single","Dermis",6,"h","Yes",1e-04,0,"ug/ml"
5,5,"https://doi.org/10.1016/j.ijpharm.2017.02.064","Hashimoto et al",2017,"DEX","Mouse","IV",1010,"Healthy",1.8,"mg/kg","Single","Brain",6,"h","Yes",2e-04,NA,"ug/ml"
11,11,"https://doi.org/10.1124/jpet.121.000530","Pérez-Osorio et al",2021,"DEX","Mouse","IN",1043,"Healthy",0.25,"mg/kg","Single","Plasma",0.25,"h","Yes",1.4121,0.1567,"ug/ml"
11,11,"https://doi.org/10.1124/jpet.121.000530","Pérez-Osorio et al",2021,"DEX","Mouse","IN",1043,"Healthy",0.25,"mg/kg","Single","Plasma",1,"h","Yes",1.5068,0.2239,"ug/ml"
11,11,"https://doi.org/10.1124/jpet.121.000530","Pérez-Osorio et al",2021,"DEX","Mouse","IN",1043,"Healthy",0.25,"mg/kg","Single","Plasma",3,"h","Yes",1.744,0.3583,"ug/ml"
11,11,"https://doi.org/10.1124/jpet.121.000530","Pérez-Osorio et al",2021,"DEX","Mouse","IN",1043,"Healthy",0.25,"mg/kg","Single","Brain",0.25,"h","Yes",4.4776,0.5373,"ug/ml"
11,11,"https://doi.org/10.1124/jpet.121.000530","Pérez-Osorio et al",2021,"DEX","Mouse","IN",1043,"Healthy",0.25,"mg/kg","Single","Brain",1,"h","Yes",3.0448,0.2015,"ug/ml"
11,11,"https://doi.org/10.1124/jpet.121.000530","Pérez-Osorio et al",2021,"DEX","Mouse","IN",1043,"Healthy",0.25,"mg/kg","Single","Brain",3,"h","Yes",1.2537,NA,"ug/ml"
11,11,"https://doi.org/10.1124/jpet.121.000530","Pérez-Osorio et al",2021,"DEX","Mouse","IV",1044,"Healthy",0.25,"mg/kg","Single","Plasma",0.25,"h","Yes",3.0465,0.7388,"ug/ml"
11,11,"https://doi.org/10.1124/jpet.121.000530","Pérez-Osorio et al",2021,"DEX","Mouse","IV",1044,"Healthy",0.25,"mg/kg","Single","Plasma",1,"h","Yes",1.5515,0.1792,"ug/ml"
11,11,"https://doi.org/10.1124/jpet.121.000530","Pérez-Osorio et al",2021,"DEX","Mouse","IV",1044,"Healthy",0.25,"mg/kg","Single","Plasma",3,"h","Yes",1.3858,0.3583,"ug/ml"
11,11,"https://doi.org/10.1124/jpet.121.000530","Pérez-Osorio et al",2021,"DEX","Mouse","IV",1044,"Healthy",0.25,"mg/kg","Single","Brain",0.25,"h","Yes",1.3657,0.2239,"ug/ml"
11,11,"https://doi.org/10.1124/jpet.121.000530","Pérez-Osorio et al",2021,"DEX","Mouse","IV",1044,"Healthy",0.25,"mg/kg","Single","Brain",1,"h","Yes",1.5224,0.2015,"ug/ml"
11,11,"https://doi.org/10.1124/jpet.121.000530","Pérez-Osorio et al",2021,"DEX","Mouse","IV",1044,"Healthy",0.25,"mg/kg","Single","Brain",3,"h","Yes",1.6791,NA,"ug/ml"
